amino_acid,estimate
ala,-1.38E-05
arg,-9.01E-06
asn,-8.97E-05
asp,-9.45E-05
cys,-0.0018141
gln,0.000210179
glu,-0.0001145
gly,-4.50E-06
his,-0.000182529
ile,5.63E-06
leu,1.89E-05
lys,5.34E-06
met,0.000110226
phe,0.000110646
pro,3.82E-05
ser,-4.66E-05
thr,6.95E-05
trp,0.000175542
tyr,4.91E-05
val,-2.57E-05
