amino_acid,estimate
ala,0.0114702
arg,0.0111925
asn,0.00399583
asp,0.00913963
cys,0.000251128
gln,0.00485677
glu,0.0130422
gly,0.00445974
his,0.00484548
ile,0.0116318
leu,0.01789
lys,0.018808
met,0.00316896
phe,0.0123021
pro,0.00817745
ser,0.00457577
thr,0.00656241
trp,0.00339795
tyr,0.00904599
val,0.0126631
