amino_acid,estimate
ala,0.02294
arg,0.0321407
asn,0.01017
asp,0.0148749
cys,0.00033011
gln,0.0105404
glu,0.01509
gly,0.01452
his,0.00994496
ile,0.00964293
leu,0.0148194
lys,0.0286201
met,0.00253498
phe,0.00669543
pro,0.00823519
ser,0.00926983
thr,0.00957003
trp,0.00283983
tyr,0.00509996
val,0.0132299
