amino_acid,estimate
ala,4.99999
arg,20.0005
asn,10
asp,4.99996
cys,5.00167
gln,10.0004
glu,4.99999
gly,5.00001
his,14.9999
ile,5.00411
leu,4.99981
lys,10
met,4.99997
phe,5.00032
pro,5.00012
ser,4.99991
thr,5.00001
trp,9.99939
tyr,4.99996
val,4.99997
