amino_acid,estimate
ala,2.50005
arg,6.96484
asn,3.92904
asp,3.07215
cys,3.80496
gln,4.60794
glu,4.32146
gly,1.53572
his,7.30842
ile,6.0362
leu,6.03577
lys,6.57164
met,6.25041
phe,9.18754
pro,4.96506
ser,2.46805
thr,3.42864
trp,11.9646
tyr,8.86861
val,4.78575
